ag_section	bn_topics	ag_says	bn_says
288	bn-236-adjectives-used-substantively	288. Adjectives are often used as nouns (substantively), the masculine usually to denote m	Adjectives Used Substantively
295	bn-242-syntax-of-personal-pronouns	295. The personal pronouns have, in general, the same constructions as nouns. a. The perso	Syntax of personal pronouns
296	bn-246-syntax-of-demonstrative-pronouns	296. Demonstrative pronouns are used either adjectively or substantively. As adjectives, t	Syntax of demonstrative pronouns
299	bn-244-syntax-of-reflexive-pronouns	299. The reflexive pronoun (sē), and usually its corresponding possessive (suus), are used	Syntax of reflexive pronouns
302	bn-243-syntax-of-possessive-pronouns	302. The possessive pronouns are derivative adjectives, which take the gender, number, and	Syntax of possessive pronouns
303	bn-250-syntax-of-relative-pronouns	303. A relative pronoun agrees with some word expressed or implied either in its own claus	Syntax of relative pronouns
305	bn-250-syntax-of-relative-pronouns	305. A relative agrees with its antecedent in gender and number; but, its case depends on 	Syntax of relative pronouns
306	bn-250-syntax-of-relative-pronouns	306. A relative generally agrees in gender and number with an appositive or predicate noun	Syntax of relative pronouns
311	bn-252-syntax-of-indefinite-pronouns	311. In a particular negative aliquis and aliquī (some one, some), are regularly used, whe	Syntax of indefinite pronouns
321	bn-347-syntax-of-adverbs	321. Adverbs are used to modify verbs, adjectives, and other adverbs. a. A Demonstrative o	Syntax of adverbs
323	bn-341-coordinate-conjunctions	323. Copulative and disjunctive conjunctions connect similar constructions, and are regula	Coördinate Conjunctions
325	bn-347-syntax-of-adverbs	325. In the use of the negative particles,1 the following points are to be observed. 326. 	Syntax of adverbs
332	bn-162-form-of-interrogative-sentences	332. A question of simple fact, requiring the answer yes or no, is formed by adding the en	Form of Interrogative Sentences
333	bn-162-form-of-interrogative-sentences	333. A question concerning some special circumstance is formed by prefixing to the sentenc	Form of Interrogative Sentences
335	bn-162-form-of-interrogative-sentences	335. In Double or Alternative Questions, utrum or -ne (whether), stands in the first membe	Form of Interrogative Sentences
339	bn-166-subject	339. The subject of a finite verb is in the nominative. Caesar Rhēnum trānsīre dēcrēverat.	Subject
340	bn-171-the-vocative	340. The vocative is the case of direct address. Tiberīne pater, tē, sāncte, precor. (Liv.	The Vocative
343	bn-195-genitive-with-nouns	343. The Possessive Genitive denotes the person or thing to which an object, quality, feel	Genitive with Nouns
348	bn-195-genitive-with-nouns	348. Nouns of action, agency, and feeling govern the Genitive of the Object. cāritās tuī a	Genitive with Nouns
350	bn-205-genitive-with-verbs	350. Verbs of remembering and forgetting take either the accusative or the genitive of the	Genitive with Verbs
351	bn-205-genitive-with-verbs	351. Verbs of reminding take with the Accusative of the person a genitive of the thing; ex	Genitive with Verbs
352	bn-205-genitive-with-verbs	352. Verbs of accusing, condemning, and acquitting, take the Genitive of the Charge or Pen	Genitive with Verbs
354	bn-205-genitive-with-verbs	354. Many verbs of feeling take the genitive of the object which excites the feeling. a. V	Genitive with Verbs
356	bn-205-genitive-with-verbs	356. Verbs of Plenty and Want sometimes govern the genitive (cf. § 409.a, Note). Convīvium	Genitive with Verbs
362	bn-186-the-dative	362. The Dative of the Indirect object with the accusative of the direct may be used with 	The Dative
365	bn-186-the-dative	365. Verbs which in the active voice take the accusative and dative retain the dative when	The Dative
367	bn-186-the-dative	367. Many verbs signifying to favor, help, please, trust, and their contraries; also to be	The Dative
368	bn-186-the-dative	368. The dative is used: With the impersonals libet (lubet, it pleases) and licet it is al	The Dative
370	bn-186-the-dative	370. Many verbs compounded with ad, ante, con, in, inter, ob, post, prae, prō, sub, super,	The Dative
372	bn-186-the-dative	372. Intransitive verbs that govern the Dative are used impersonally in the passive (§ 208	The Dative
373	bn-186-the-dative	373. The dative is used with esse and similar words to denote possession. Est mihi domī pa	The Dative
374	bn-186-the-dative	374. The Dative of the Agent is used with the gerundive to denote the person on whom the n	The Dative
377	bn-186-the-dative	377. The Dative of Reference is often used to qualify a whole idea, instead of the possess	The Dative
380	bn-186-the-dative	380. The dative of the personal pronouns is used to show a certain interest felt by the pe	The Dative
381	bn-186-the-dative	381. Many verbs of taking away and the like take the dative (especially of a person) inste	The Dative
382	bn-186-the-dative	382. The dative is used to denote the purpose or end, often with another dative of the per	The Dative
384	bn-186-the-dative	384. The dative is used with adjectives (and a few Adverbs) of fitness, nearness, likeness	The Dative
390	bn-172-the-accusative	390. An intransitive verb often takes the accusative of a noun of kindred meaning, usually	The Accusative
393	bn-172-the-accusative	393. Verbs of naming, choosing, appointing, making, esteeming, showing, and the like, may 	The Accusative
395	bn-172-the-accusative	395. Transitive verbs compounded with prepositions sometimes take (in addition to the dire	The Accusative
396	bn-172-the-accusative	396. Some verbs of asking and teaching may take two accusatives, one of the person (direct	The Accusative
397	bn-172-the-accusative	397. The accusative has the following special uses. a. The accusative is found in a few ad	The Accusative
401	bn-214-genuine-ablative-uses	401. Verbs meaning to remove, set free, be absent, deprive, and want, take the ablative (s	Genuine Ablative Uses
402	bn-214-genuine-ablative-uses	402. Verbs compounded with ā, ab, dē, ex, (1) take the simple ablative when used figurativ	Genuine Ablative Uses
403	bn-214-genuine-ablative-uses	403. The ablative (usually with a preposition) is used to denote the source from which any	Genuine Ablative Uses
404	bn-218-instrumental-uses-of-the-ablative	404. The ablative (with or without a preposition) is used to express cause.1 Neglegentiā p	Instrumental Uses of the Ablative
405	bn-214-genuine-ablative-uses	405. The voluntary agent after a passive verb is expressed by the ablative with ā or ab. L	Genuine Ablative Uses
406	bn-214-genuine-ablative-uses	406. The comparative degree is often followed by the ablative1 signifying than. Catō est C	Genuine Ablative Uses
407	bn-214-genuine-ablative-uses	407. The comparative may be followed by quam (than). When quam is used, the two things com	Genuine Ablative Uses
409	bn-218-instrumental-uses-of-the-ablative	409. The ablative is used to denote the means or instrument of an action. certantēs pūgnīs	Instrumental Uses of the Ablative
410	bn-218-instrumental-uses-of-the-ablative	410. The deponents ūtor, fruor, fungor, potior, vescor, with several of their compounds,1 	Instrumental Uses of the Ablative
411	bn-218-instrumental-uses-of-the-ablative	411. Opus and ūsus, signifying need, take the ablative.2 Magistrātibus opus est. (Leg. 3.5	Instrumental Uses of the Ablative
412	bn-218-instrumental-uses-of-the-ablative	412. The manner of an action is denoted by the ablative; usually with cum, unless a limiti	Instrumental Uses of the Ablative
413	bn-218-instrumental-uses-of-the-ablative	413. Accompaniment is denoted by the ablative, regularly with cum. cum coniugibus ac līber	Instrumental Uses of the Ablative
414	bn-218-instrumental-uses-of-the-ablative	414. With comparatives and words implying comparison the ablative is used to denote the De	Instrumental Uses of the Ablative
415	bn-218-instrumental-uses-of-the-ablative	415. The quality of a thing is denoted by the ablative with an adjective or genitive modif	Instrumental Uses of the Ablative
416	bn-218-instrumental-uses-of-the-ablative	416. The price of a thing is put in the ablative. Agrum vēndidit sēstertium sex mīlibus.He	Instrumental Uses of the Ablative
417	bn-195-genitive-with-nouns	417. Certain adjectives of quantity are used in the genitive to denote indefinite value. S	Genitive with Nouns
418	bn-218-instrumental-uses-of-the-ablative	418. The Ablative of Specification denotes that in respect to which anything is or is done	Instrumental Uses of the Ablative
419	bn-218-instrumental-uses-of-the-ablative	419. A noun or pronoun, with a participle in agreement, may be put in the ablative to defi	Instrumental Uses of the Ablative
420	bn-218-instrumental-uses-of-the-ablative	420. The Ablative Absolute often take the place of a subordinate clause. Thus it may repla	Instrumental Uses of the Ablative
423	bn-228-locative-uses-of-the-ablative,bn-172-the-accusative	423. Time when, or within which, is expressed by the ablative; time how long by the accusa	Locative Uses of the Ablative; The Accusative
425	bn-172-the-accusative	425. Extent of Space is expressed by the accusative. fossās quīndecim pedēs lātās (B. G. 7	The Accusative
426	bn-228-locative-uses-of-the-ablative,bn-172-the-accusative	426. Relations of Place1 are expressed as follows. The place from which, by the ablative w	Locative Uses of the Ablative; The Accusative
427	bn-232-the-locative,bn-228-locative-uses-of-the-ablative	427. With names of towns and small islands, and with domus and rūs, the Relations of Place	The Locative; Locative Uses of the Ablative
430	bn-228-locative-uses-of-the-ablative	430. Verbs of placing, though implying motion, take the construction of the place where. S	Locative Uses of the Ablative
431	bn-218-instrumental-uses-of-the-ablative	431. Several verbs are followed by the ablative. These are acquiēscō, dēlector, laetor, ga	Instrumental Uses of the Ablative
432	bn-141-prepositions	432. Certain adverbs and adjectives are sometimes used as prepositions.1 a. The adverbs pr	Prepositions
433	bn-141-prepositions	433. Prepositions often retain their original meaning as adverbs. Ante and post in relatio	Prepositions
434	bn-291-antequam-and-priusquam-with-the	434. Some prepositions and adverbs which imply comparison are followed, like comparatives,	Antequam and priusquam with the indicative
439	bn-274-hortatory-subjunctive,bn-275-jussive-subjunctive	439. The Hortatory Subjunctive is used in the present tense to express an exhortation or a	Hortatory Subjunctive; Jussive Subjunctive
440	bn-278-concessive-subjunctive	440. The Hortatory Subjunctive is used to express a concession.1 The present is used for p	Concessive Subjunctive
441	bn-279-optative-subjunctive	441. The optative subjunctive is used to express a wish. The present tense denotes the wis	Optative Subjunctive
444	bn-277-deliberative-subjunctive	444. The subjunctive is used in questions implying (1) doubt, indignation, or (2) an impos	Deliberative Subjunctive
447	bn-280-potential-subjunctive	447. The Potential Subjunctive has the following uses: In cautious or modest assertions in	Potential Subjunctive
448	bn-271-moods-in-independent-sentences	448. The imperative is used in commands and entreaties. Cōnsulite vōbīs, prōspicite patria	Moods in Independent Sentences
449	bn-271-moods-in-independent-sentences	449. The future imperative is used in commands, etc., where there is a distinct reference 	Moods in Independent Sentences
450	bn-276-prohibitive-subjunctive	450. Prohibition is regularly expressed in classic prose (1) by nōlī with the infinitive, 	Prohibitive Subjunctive
452	bn-326-the-infinitive	452. The infinitive, with or without a subject accusative, may be used with est and simila	The Infinitive
454	bn-326-the-infinitive	454. The infinitive is used as the apparent subject with many impersonal verbs and express	The Infinitive
456	bn-326-the-infinitive	456. Verbs which imply another action of the same subject to complete their meaning take t	The Infinitive
459	bn-314-moods-in-indirect-discourse	459. The infinitive with subject accusative is used with verbs and other expressions of kn	Moods in Indirect Discourse
462	bn-326-the-infinitive	462. The infinitive, with subject accusative,1 may be used in exclamations (cf. § 397. d).	The Infinitive
463	bn-326-the-infinitive	463. The infinitive is often used for the imperfect indicative in narration, and takes a s	The Infinitive
465	bn-257-tenses-of-the-indicative	465. The present tense denotes an action or state (1) as now taking place or existing, and	Tenses of the Indicative
466	bn-257-tenses-of-the-indicative	466. The present with expressions of duration of time (especially iam diū, iam dūdum) deno	Tenses of the Indicative
467	bn-257-tenses-of-the-indicative	467. The present sometimes denotes an action attempted or begun in present time, but never	Tenses of the Indicative
469	bn-257-tenses-of-the-indicative	469. The present in lively narrative is often used for the Historical Perfect. Affertur nū	Tenses of the Indicative
470	bn-257-tenses-of-the-indicative	470. The imperfect denotes an action or a state as continued or repeated in past time. Hun	Tenses of the Indicative
473	bn-257-tenses-of-the-indicative	473. The perfect denotes an action either as now completed (Perfect Definite), or as havin	Tenses of the Indicative
476	bn-257-tenses-of-the-indicative	476. The completed tenses of some verbs are equivalent to the incomplete tenses of verbs o	Tenses of the Indicative
479	bn-257-tenses-of-the-indicative	479. In letters, the Historical Perfect or the imperfect may be used for the present tense	Tenses of the Indicative
485	bn-266-tenses-of-the-subjunctive	485. In the Sequence of Tenses the following special points are to be noted. a. The perfec	Tenses of the Subjunctive
486	bn-270-tenses-of-the-infinitive	486. Except in indirect discourse, only the present and perfect infinitives are used. The 	Tenses of the Infinitive
492	bn-336-participles	492. The Latin has no present participle in the passive. The place of such a form is suppl	Participles
495	bn-336-participles	495. Participles are often used as predicate adjectives. As such they may be joined to the	Participles
496	bn-336-participles	496. The present and perfect participles are often used as a predicate, where in English a	Participles
497	bn-336-participles	497. A noun and a passive participle are often so united that the participle and not the n	Participles
498	bn-336-participles	498. The future participle (except futūrus and ventūrus) is rarely used in simple agreemen	Participles
499	bn-336-participles	499. By later writers and the poets the future participle is often used in simple agreemen	Participles
500	bn-336-participles,bn-115-periphrastic-conjugation	500. The gerundive when used as a participle or an adjective is always passive, denoting n	Participles; Periphrastic Conjugation
504	bn-338-the-gerund	504. The genitive of the gerund and gerundive is used after nouns or adjectives, either as	The Gerund
505	bn-338-the-gerund	505. The dative of the gerund and gerundive is used in a few expressions after verbs.3 Die	The Gerund
506	bn-338-the-gerund	506. The accusative of the gerund and gerundive is used after the preposition ad, to denot	The Gerund
509	bn-340-the-supine	509. The supine in -um is used after verbs of motion to express purpose. It may take an ob	The Supine
510	bn-340-the-supine	510. The supine in -ū1 is used with a few adjectives and with the nouns fās, nefās, and op	The Supine
512	bn-301-conditional-sentences	512. A complete conditional sentence consists of two clauses the protasis and the apodosis	Conditional Sentences
515	bn-301-conditional-sentences	515. In the statement of present and past conditions whose falsity is NOT implied, the pre	Conditional Sentences
516	bn-301-conditional-sentences	516. Future conditions may be More Vivid or Less Vivid. In a More Vivid future condition t	Conditional Sentences
517	bn-301-conditional-sentences	517. In the statement of a supposition impliedly false, the Imperfect and pluperfect subju	Conditional Sentences
518	bn-301-conditional-sentences	518. General Conditions (§ 513.2) have usually the same forms as Particular Conditions. Bu	Conditional Sentences
519	bn-301-conditional-sentences	519. A clause introduced by a relative pronoun or relative adverb may express a condition 	Conditional Sentences
520	bn-301-conditional-sentences	520. The special constructions of General Conditions are sometimes found in Conditional Re	Conditional Sentences
521	bn-301-conditional-sentences	521. In many sentences properly conditional, the protasis is not expressed by a conditiona	Conditional Sentences
522	bn-301-conditional-sentences	522. The protasis is often wholly omitted, but may be inferred from the course of the argu	Conditional Sentences
524	bn-301-conditional-sentences	524. Conditional clauses of comparison take the subjunctive, usually in the present or per	Conditional Sentences
525	bn-301-conditional-sentences	525. The uses of some of the more common conditional particles may be stated as follows. a	Conditional Sentences
527	bn-301-conditional-sentences	527. The particles of concession (meaning although, granting that) are quamvīs, ut, licet,	Conditional Sentences
528	bn-301-conditional-sentences	528. Dum, modo, dummodo, and tantum ut, introducing a proviso, take the subjunctive. The n	Conditional Sentences
531	bn-282-moods-in-dependent-clauses	531. Final Clauses take the subjunctive introduced by ut (utī), negative nē (ut nē), or by	Moods in Dependent Clauses
534	bn-282-moods-in-dependent-clauses	534. The Relative Clause of Characteristic with the subjunctive is a development peculiar 	Moods in Dependent Clauses
535	bn-282-moods-in-dependent-clauses	535. A relative clause with the subjunctive is often used to indicate a characteristic of 	Moods in Dependent Clauses
537	bn-282-moods-in-dependent-clauses	537. Clauses of result take the subjunctive introduced by ut (so that)—negative, ut nōn—or	Moods in Dependent Clauses
540	bn-282-moods-in-dependent-clauses	540. The Causal particles quod and quia take the indicative, when the reason is given on t	Moods in Dependent Clauses
542	bn-301-conditional-sentences	542. The particles ubi, ut, cum, quandō, either alone or compounded with -cumque, may be u	Conditional Sentences
543	bn-282-moods-in-dependent-clauses	543. The particles postquam (posteāquam), ubi, ut (ut prīmum, ut semel), simul atque (simu	Moods in Dependent Clauses
545	bn-282-moods-in-dependent-clauses	545. A temporal clause with cum (when) and some past tense of the indicative dates or defi	Moods in Dependent Clauses
546	bn-282-moods-in-dependent-clauses	546. A temporal clause with cum and the imperfect or pluperfect subjunctive describes the 	Moods in Dependent Clauses
547	bn-282-moods-in-dependent-clauses	547. Present time with cum temporal is denoted by the present indicative; future time, by 	Moods in Dependent Clauses
549	bn-282-moods-in-dependent-clauses	549. Cum causal or concessive takes the subjunctive. Id difficile nōn est, cum tantum equi	Moods in Dependent Clauses
551	bn-291-antequam-and-priusquam-with-the,bn-292-temporal-clauses-with-the-subjunctive	551. Antequam and priusquam take sometimes the indicative sometimes the subjunctive. a. Wi	Antequam and priusquam with the indicative; Temporal clauses with the subjunctive
553	bn-292-temporal-clauses-with-the-subjunctive	553. Dum and quoad (until) take the present or imperfect subjunctive in temporal clauses i	Temporal clauses with the subjunctive
556	bn-292-temporal-clauses-with-the-subjunctive	556. Dum (while) regularly takes the present indicative to denote continued action in past	Temporal clauses with the subjunctive
558	bn-292-temporal-clauses-with-the-subjunctive	558. A subjunctive clause with quīn is used after verbs and other expressions of hindering	Temporal clauses with the subjunctive
559	bn-282-moods-in-dependent-clauses	559. A clause of result or characteristic may be introduced by quīn after a general negati	Moods in Dependent Clauses
563	bn-292-temporal-clauses-with-the-subjunctive	563. Substantive Clauses of Purpose with ut (negative nē) are used as the object of verbs 	Temporal clauses with the subjunctive
565	bn-292-temporal-clauses-with-the-subjunctive	565. Volō and its compounds, the impersonals licet and oportet, and the imperatives dīc an	Temporal clauses with the subjunctive
568	bn-292-temporal-clauses-with-the-subjunctive	568. Substantive clauses of result with ut (negative ut nōn) are used as the object of ver	Temporal clauses with the subjunctive
572	bn-292-temporal-clauses-with-the-subjunctive	572. A peculiar form of substantive clause consists of quod (in the sense of that, the fac	Temporal clauses with the subjunctive
574	bn-292-temporal-clauses-with-the-subjunctive	574. An indirect question takes its verb in the subjunctive. Quid ipse sentiam expōnam. (D	Temporal clauses with the subjunctive
580	bn-314-moods-in-indirect-discourse	580. In indirect discourse the main clause of a declaratory sentence is put in the infinit	Moods in Indirect Discourse
583	bn-314-moods-in-indirect-discourse	583. A subordinate clause merely explanatory, or containing statements which are regarded 	Moods in Indirect Discourse
589	bn-319-conditional-sentences-in-indirect	589. Conditional sentences in Indirect Discourse are expressed as follows. The Protasis, b	Conditional Sentences in Indirect Discourse
592	bn-323-implied-indirect-discourse	592. A Subordinate Clause takes the Subjunctive when it expresses the thought of some othe	Implied Indirect Discourse
593	bn-324-subjunctive-by-attraction	593. A clause depending upon a Subjunctive clause or an equivalent Infinitive will itself 	Subjunctive by Attraction
595	bn-348-word-order	595. Latin differs from English in having more freedom in the arrangement of words for the	Word-order
600	bn-351-sentence-structure	600. Latin, unlike modern languages, expresses the relation of words to each other by infl	Sentence-structure
